src,ra_deg,dec_deg,mjd,catalog,repeater
FRB20200125A,219.13158333333328,7.7019,58873.510643518515,FRBCat,False
FRB20190614D,65.07554166666665,73.70675,58648.050717708335,FRBCat,False
FRB191108,23.445833333333333,31.858333333333334,58795.82558415509,FRBCat,False
FRB190711,329.4194999999999,-80.35799999999999,58675.07894515046,FRBCat,False
FRB190611,320.7454583333333,-79.39758333333334,58645.24008447917,FRBCat,False
FRB190608,334.0197916666666,-7.898222222222222,58642.950149108794,FRBCat,False
FRB190523,207.065,72.46972222222223,58626.25411822917,FRBCat,False
FRB190102,322.41566666666665,-79.47569444444444,58485.23522559028,FRBCat,False
FRB181228,322.41566666666665,-45.967333333333336,58480.57557986111,FRBCat,False
FRB181123,76.52816666666665,9.595,58445.74246674769,FRBCat,False
FRB181112,327.34845833333327,-52.97094166666667,58434.7300403125,FRBCat,False
FRB181017,331.4784166666666,-8.84283888888889,58408.43376620371,FRBCat,False
FRB181016,236.58683333333332,-25.409055555555554,58407.17842939815,FRBCat,False
FRB180924,326.1052291666667,-40.90002777777778,58385.68278502315,FRBCat,False
FRB180916.J0158+65,29.5,65.73333333333333,58653.096136643515,FRBCat,True
FRB180916.J0158+65,29.5,65.73333333333333,58653.111257349534,FRBCat,True
FRB180916.J0158+65,29.5,65.73333333333333,58653.14659694445,FRBCat,True
FRB180916.J0158+65,29.5,65.73333333333333,58653.27850789352,FRBCat,True
FRB180916.J0158+65,29.5,65.73333333333333,58802.25840267361,FRBCat,True
FRB180916.J0158+65,29.5,65.73333333333333,58836.169296238426,FRBCat,True
FRB180916.J0158+65,29.5,65.73333333333333,58836.16929694444,FRBCat,True
FRB180916.J0158+65,29.5,65.73333333333333,58836.175918217596,FRBCat,True
FRB180916.J0158+65,29.5,65.73333333333333,58868.082214421294,FRBCat,True
FRB180916.J0158+65,29.5,65.73333333333333,58868.08461892361,FRBCat,True
FRB180916.J0158+65,29.5,65.73333333333333,58868.086796365744,FRBCat,True
FRB180916.J0158+65,29.5,65.73333333333333,58899.56141184028,FRBCat,True
FRB180916.J0158+65,29.5,65.73333333333333,58899.56781755787,FRBCat,True
FRB180916.J0158+65,29.5,65.73333333333333,58899.57561574074,FRBCat,True
FRB180714,266.54999999999995,-11.763055555555555,58313.41676736111,FRBCat,False
FRB180528,99.70749999999998,-49.89972222222222,58266.18334375,FRBCat,False
FRB180525,219.99999999999997,-2.2,58263.638269849536,FRBCat,False
FRB180515,348.29999999999995,-42.24611111111111,58253.914889872685,FRBCat,False
FRB180430,102.74999999999999,-9.95,58238.41665162037,FRBCat,False
FRB180417,186.23333333333332,14.216666666666667,58225.55452546296,FRBCat,False
FRB180324,93.99999999999999,-34.78333333333333,58201.397068356484,FRBCat,False
FRB180321,8.25,42.03,58198.29576388889,FRBCat,False
FRB180315,293.74999999999994,-26.833333333333332,58192.21216417824,FRBCat,False
FRB180311,322.88924999999995,-57.74075,58188.17493981482,FRBCat,False
FRB180309,321.18249999999995,-33.97902777777778,58186.117742939816,FRBCat,False
FRB180212,215.24999999999997,-3.5833333333333335,58161.989634247686,FRBCat,False
FRB180131,5.457916666666666,-40.68333333333333,58149.23963333333,FRBCat,False
FRB180130,5.467499999999999,-38.56666666666667,58148.205208252315,FRBCat,False
FRB180128.2,335.49999999999994,-60.25,58146.20378236111,FRBCat,False
FRB180128.0,208.99999999999997,-6.716666666666667,58146.04141917824,FRBCat,False
FRB180119,0.8720833333333333,-12.733333333333333,58137.517022534725,FRBCat,False
FRB180110,5.470833333333332,-35.45,58128.315682395834,FRBCat,False
FRB171216,51.99999999999999,-57.06666666666667,58103.74943081019,FRBCat,False
FRB171213,54.74999999999999,-10.933333333333334,58100.599079479165,FRBCat,False
FRB171209,237.60416666666666,-46.17222222222222,58096.857216435186,FRBCat,False
FRB171116,0.8791666666666667,-17.233333333333334,58073.62469103009,FRBCat,False
FRB171020,333.74999999999994,-19.666666666666668,58046.43609488426,FRBCat,False
FRB171019,5.572916666666665,-8.666666666666666,58045.56018630787,FRBCat,False
FRB171004,2.9899999999999993,-11.9,58030.141426504626,FRBCat,False
FRB171003,3.1229166666666663,-14.116666666666667,58029.171803020836,FRBCat,False
FRB170922,322.460875,-7.994580555555555,58018.47469212963,FRBCat,False
FRB170906,5.499166666666666,-19.95,58002.54648712963,FRBCat,False
FRB170827,12.327749999999998,-65.55063888888888,57992.680763888886,FRBCat,False
FRB170712,339.0,-60.95,57946.55714576389,FRBCat,False
FRB170707,44.74999999999999,-57.266666666666666,57941.262203171296,FRBCat,False
FRB170606,83.49999999999999,41.75,57910.4190625,FRBCat,False
FRB170428,326.75,-41.85,57871.75179050926,FRBCat,False
FRB170416,333.24999999999994,-55.03333333333333,57859.9661203588,FRBCat,False
FRB170107,2.8470833333333325,-5.0,57760.83689975694,FRBCat,False
FRB161202,356.0,40.8,57724.558958333335,FRBCat,False
FRB160920,83.49999999999999,41.75,57651.128969907404,FRBCat,False
FRB160608,114.17499999999998,-40.797777777777775,57547.161818148146,FRBCat,False
FRB160410,130.35416666666666,6.084722222222222,57488.35670925926,FRBCat,False
FRB160317,118.44583333333331,-29.608611111111113,57464.37542280093,FRBCat,False
FRB160206,15.249999999999996,41.63,57424.43530092593,FRBCat,False
FRB160102,339.7041666666666,-30.180555555555557,57389.35323349537,FRBCat,False
FRB151230,145.20833333333331,-3.4513888888888893,57386.67762181713,FRBCat,False
FRB151206,290.35416666666663,-4.131666666666666,57362.262416412035,FRBCat,False
FRB151125,22.749999999999996,30.979999999999997,57351.65458333334,FRBCat,True
FRB151125,22.999999999999996,30.979999999999997,57354.65550925926,FRBCat,True
FRB151018,80.24999999999999,33.1,57313.045694444445,FRBCat,False
FRB150807,340.6291666666666,-55.07833333333333,57241.74578506944,FRBCat,False
FRB150610,161.1083333333333,-40.08972222222222,57183.22707634259,FRBCat,False
FRB150418,109.14583333333331,-19.011111111111113,57130.18688260417,FRBCat,False
FRB150215,274.3625,-4.904166666666667,57068.86228835648,FRBCat,False
FRB141216,3.4999999999999996,41.64,57007.544027777774,FRBCat,False
FRB141113,93.25041666666665,18.786444444444445,56974.3214724537,FRBCat,False
FRB140514,338.5249999999999,-12.312777777777779,56791.718183564815,FRBCat,False
FRB140212,22.749999999999996,30.540000000000003,56700.43835648148,FRBCat,False
FRB131104,101.04166666666666,-51.27777777777778,56600.752907407405,FRBCat,False
FRB131030,6.249999999999999,39.980000000000004,56595.67586805556,FRBCat,False
FRB130729,205.33749999999998,-5.995277777777778,56502.376286921295,FRBCat,False
FRB130628,135.75833333333333,3.437777777777778,56471.165279837965,FRBCat,False
FRB130626,246.77499999999995,-7.463333333333334,56469.62221957176,FRBCat,False
FRB121029,3.0,42.059999999999995,56229.67113425926,FRBCat,False
FRB121002,273.6958333333333,-85.19805555555556,56202.5481300463,FRBCat,False
FRB120127,348.7749999999999,-18.427222222222223,55953.341223668984,FRBCat,False
FRB110703,352.7125,-2.8733333333333335,55745.79144221065,FRBCat,False
FRB110627,315.9291666666667,-44.73861111111111,55739.89811894676,FRBCat,False
FRB110523,326.29999999999995,-0.16027777777777777,55704.629394675925,FRBCat,False
FRB110220,338.6583333333333,-12.395833333333332,55612.080417777775,FRBCat,False
FRB110214,20.320833333333333,-49.78638888888889,55606.301508715274,FRBCat,False
FRB090625,46.945833333333326,-29.92666666666667,55007.91240021991,FRBCat,False
FRB010724,19.525,-75.205,52114.82640844907,FRBCat,False
FRB010621,283.0208333333333,-8.493055555555555,52081.543186331015,FRBCat,False
FRB010312,81.72874999999999,-64.93866666666668,51980.46305532407,FRBCat,False
FRB010305,74.33125,-52.60685222222222,51973.52032430556,FRBCat,False
FRB010125,286.7208333333333,-40.620555555555555,51934.02032164352,FRBCat,False
FRB20180725A,93.42,67.1,58324.749803205996,CHIME_Catalog1,False
FRB20180727A,197.7,26.4,58326.036261585,CHIME_Catalog1,False
FRB20180729A,199.4,55.58,58328.0335647983,CHIME_Catalog1,False
FRB20180729B,89.9,56.5,58328.728032398,CHIME_Catalog1,False
FRB20180730A,57.39,87.2,58329.151134265994,CHIME_Catalog1,False
FRB20180801A,322.53,72.7,58331.366249872,CHIME_Catalog1,False
FRB20180806A,228.56,75.6,58336.592511576,CHIME_Catalog1,False
FRB20180810A,101.5,34.9,58340.72847224,CHIME_Catalog1,False
FRB20180810B,180.41,83.1,58340.944953709004,CHIME_Catalog1,False
FRB20180812A,19.3,80.8,58342.49009258099,CHIME_Catalog1,False
FRB20180814B,238.26,74.0,58344.597418957004,CHIME_Catalog1,False
FRB20180814A,65.5,73.6,58344.617939757,CHIME_Catalog1,True
FRB20180817A,233.2,42.2,58347.07608796,CHIME_Catalog1,False
FRB20180904A,286.6,81.2,58365.6713215157,CHIME_Catalog1,False
FRB20180906A,141.5,14.3,58367.76793102099,CHIME_Catalog1,False
FRB20180906B,185.8,56.4,58367.887947305,CHIME_Catalog1,False
FRB20180907D,329.0,89.2,58368.254154255,CHIME_Catalog1,False
FRB20180907A,320.9,29.5,58368.261003504005,CHIME_Catalog1,False
FRB20180907B,4.5,19.2,58368.3820747,CHIME_Catalog1,False
FRB20180907C,41.7,77.1,58368.491781235,CHIME_Catalog1,False
FRB20180907E,167.9,47.1,58368.83417969,CHIME_Catalog1,False
FRB20180908B,188.2,74.2,58369.884074803,CHIME_Catalog1,True
FRB20180909A,123.6,56.8,58370.70598115,CHIME_Catalog1,False
FRB20180910A,352.8,88.2,58371.337577180995,CHIME_Catalog1,False
FRB20180814A,65.5,73.6,58372.54116263,CHIME_Catalog1,True
FRB20180911A,99.6,84.62,58372.6252476504,CHIME_Catalog1,False
FRB20180915A,280.6,17.9,58376.127609445,CHIME_Catalog1,False
FRB20180915B,225.2,25.0,58376.975384589,CHIME_Catalog1,False
FRB20180916A,349.0,80.33,58377.31473946,CHIME_Catalog1,False
FRB20180916B,29.503125800000003,65.7167542,58377.427312842,CHIME_Catalog1,True
FRB20180916C,107.2,45.1,58377.64329914,CHIME_Catalog1,False
FRB20180917B,238.8,77.5,58378.00620009,CHIME_Catalog1,False
FRB20180814A,65.5,73.6,58378.032385833,CHIME_Catalog1,True
FRB20180918A,301.3,65.0,58379.174621232,CHIME_Catalog1,False
FRB20180919B,5.3,5.94,58380.353756027995,CHIME_Catalog1,False
FRB20180814A,65.5,73.6,58380.52513717,CHIME_Catalog1,True
FRB20180920A,78.9,28.3,58381.55528837,CHIME_Catalog1,False
FRB20180920B,191.1,63.5,58381.86207564,CHIME_Catalog1,False
FRB20180921A,28.9,5.1,58382.412533746,CHIME_Catalog1,False
FRB20180922A,342.3,69.67,58383.276789027004,CHIME_Catalog1,False
FRB20180923A,327.61,71.9,58384.238085635,CHIME_Catalog1,False
FRB20180923D,169.08,48.75,58384.79643050981,CHIME_Catalog1,False
FRB20180923C,239.14,22.9,58384.991255929,CHIME_Catalog1,False
FRB20180924A,35.5,37.5,58385.422759502,CHIME_Catalog1,False
FRB20180925A,74.9,78.0,58386.53006032,CHIME_Catalog1,False
FRB20180925B,145.5,20.99,58386.727076655996,CHIME_Catalog1,False
FRB20180928A,312.95,30.85,58389.183697977,CHIME_Catalog1,False
FRB20181012B,206.3,64.15,58403.848921939,CHIME_Catalog1,False
FRB20181013A,262.8,38.4,58404.003125997006,CHIME_Catalog1,False
FRB20181013E,307.3,69.0,58404.122485257,CHIME_Catalog1,False
FRB20181013B,97.2,52.0,58404.54018734,CHIME_Catalog1,False
FRB20181013C,146.1,34.1,58404.67999418599,CHIME_Catalog1,False
FRB20181014A,46.0,63.3,58405.402640779,CHIME_Catalog1,False
FRB20181014B,78.6,14.7,58405.489948519,CHIME_Catalog1,False
FRB20181014C,117.9,41.6,58405.59651295,CHIME_Catalog1,False
FRB20181014D,216.0,-2.9,58405.868384730995,CHIME_Catalog1,False
FRB20181015A,175.8,83.6,58406.7530872,CHIME_Catalog1,False
FRB20181017B,237.8,78.5,58408.92979533,CHIME_Catalog1,False
FRB20181017A,256.3,68.3,58408.97652582,CHIME_Catalog1,True
FRB20181018B,336.8,71.9,58409.194113138,CHIME_Catalog1,False
FRB20181018A,17.0,51.6,58409.30607695,CHIME_Catalog1,False
FRB20181018C,67.2,37.6,58409.44643911,CHIME_Catalog1,False
FRB20180916B,29.503125800000003,65.7167542,58410.34262424,CHIME_Catalog1,True
FRB20181019B,37.9,68.2,58410.36427371,CHIME_Catalog1,False
FRB20181019C,244.7,66.3,58410.93030664,CHIME_Catalog1,False
FRB20181020A,322.6,78.8,58411.14839666,CHIME_Catalog1,False
FRB20181022C,141.6,83.8,58413.14445573,CHIME_Catalog1,False
FRB20181022D,179.2,36.5,58413.745648785996,CHIME_Catalog1,False
FRB20181022E,221.2,27.1,58413.85934789,CHIME_Catalog1,False
FRB20181025A,105.8,64.3,58416.53571729,CHIME_Catalog1,False
FRB20181027A,131.9,-4.2,58418.59861699,CHIME_Catalog1,False
FRB20180814A,65.5,73.6,58419.42539902,CHIME_Catalog1,True
FRB20181030C,309.8,4.0,58421.08719899,CHIME_Catalog1,False
FRB20181030A,158.4,73.8,58421.17584521,CHIME_Catalog1,True
FRB20181030A,158.4,73.8,58421.17802826,CHIME_Catalog1,True
FRB20181030D,81.8,16.1,58421.45284254,CHIME_Catalog1,False
FRB20181030E,135.67,8.9,58421.600999999995,CHIME_Catalog1,False
FRB20181101A,21.26,53.9,58423.28045868,CHIME_Catalog1,False
FRB20181102A,87.2,15.6,58424.460830164004,CHIME_Catalog1,False
FRB20180916B,29.503125800000003,65.7167542,58426.289798323,CHIME_Catalog1,True
FRB20180916B,29.503125800000003,65.7167542,58426.29654762,CHIME_Catalog1,True
FRB20181104C,77.1,17.4,58426.42715629731,CHIME_Catalog1,False
FRB20181115A,142.98,56.4,58437.57983849,CHIME_Catalog1,False
FRB20181116A,36.05,4.5,58438.281221834004,CHIME_Catalog1,False
FRB20181116B,232.7,64.94,58438.823545129,CHIME_Catalog1,False
FRB20181117C,53.2,25.7,58439.325545057,CHIME_Catalog1,False
FRB20181117A,147.7,52.5,58439.584451364004,CHIME_Catalog1,False
FRB20181117B,81.1,80.0,58439.896354018,CHIME_Catalog1,False
FRB20181118A,20.7,-6.4,58440.233787267,CHIME_Catalog1,False
FRB20181118B,58.3,10.8,58440.335794886,CHIME_Catalog1,False
FRB20180814A,65.5,73.6,58440.364464050996,CHIME_Catalog1,True
FRB20181119B,299.4,31.1,58441.003477988,CHIME_Catalog1,False
FRB20181119E,16.4,60.5,58441.21924524,CHIME_Catalog1,False
FRB20181119A,190.5,65.1,58441.70073114,CHIME_Catalog1,True
FRB20181119C,190.1,82.2,58441.71283696,CHIME_Catalog1,False
FRB20180916B,29.503125800000003,65.7167542,58442.247294232,CHIME_Catalog1,True
FRB20180814A,65.5,73.6,58442.35102095,CHIME_Catalog1,True
FRB20181122A,60.0,55.5,58444.327910982,CHIME_Catalog1,False
FRB20181122B,281.1,85.02,58444.429052715896,CHIME_Catalog1,False
FRB20181123A,300.76,55.9,58445.994296863,CHIME_Catalog1,False
FRB20181124B,318.6,29.9,58446.044202045,CHIME_Catalog1,False
FRB20181124A,176.0,63.5,58446.64522239599,CHIME_Catalog1,False
FRB20181125A,147.9,33.93,58447.567716764,CHIME_Catalog1,False
FRB20181126A,262.1,81.2,58448.8755830441,CHIME_Catalog1,False
FRB20181127A,243.8,25.4,58449.82371829,CHIME_Catalog1,False
FRB20181128A,73.9,63.22,58450.352565035995,CHIME_Catalog1,True
FRB20181128B,157.2,38.28,58450.585370901,CHIME_Catalog1,False
FRB20181128D,215.62,59.9,58450.745407732,CHIME_Catalog1,False
FRB20181128C,268.77,49.7,58450.89015425,CHIME_Catalog1,False
FRB20181129A,355.1,45.0,58451.130626564,CHIME_Catalog1,False
FRB20181129B,307.6,81.3,58451.481679870994,CHIME_Catalog1,False
FRB20181129C,233.4,40.0,58451.791947885,CHIME_Catalog1,False
FRB20181130A,355.19,46.5,58452.12719432,CHIME_Catalog1,False
FRB20181201A,215.0,39.3,58453.73548306,CHIME_Catalog1,False
FRB20181201B,273.4,56.3,58453.89346452,CHIME_Catalog1,False
FRB20181202A,351.0,17.4,58454.112287932,CHIME_Catalog1,False
FRB20181202B,202.8,64.7,58454.69746184599,CHIME_Catalog1,False
FRB20181202C,307.1,57.0,58454.98412964599,CHIME_Catalog1,False
FRB20181203A,33.6,23.6,58455.22586821,CHIME_Catalog1,False
FRB20181203B,47.31,24.0,58455.26617027901,CHIME_Catalog1,False
FRB20181203C,198.5,72.9,58455.6783605,CHIME_Catalog1,False
FRB20181208A,264.4,62.6,58460.856286038,CHIME_Catalog1,False
FRB20181209A,98.2,68.7,58461.392266336,CHIME_Catalog1,False
FRB20181213A,127.7,73.9,58465.46401471901,CHIME_Catalog1,False
FRB20181213B,183.5,53.7,58465.616132775,CHIME_Catalog1,False
FRB20181213C,216.4,47.5,58465.708568995,CHIME_Catalog1,False
FRB20181214A,70.0,43.1,58466.297397477996,CHIME_Catalog1,False
FRB20181214B,138.8,42.15,58466.486353575,CHIME_Catalog1,False
FRB20181214C,175.9,60.02,58466.59482437,CHIME_Catalog1,False
FRB20181214D,178.6,46.7,58466.597873633,CHIME_Catalog1,False
FRB20181214F,252.62,32.4,58466.80495253,CHIME_Catalog1,False
FRB20181215A,93.4,39.34,58467.360849186,CHIME_Catalog1,False
FRB20181215B,254.8,47.56,58467.8060653883,CHIME_Catalog1,False
FRB20181216A,306.3,53.5,58468.947711497,CHIME_Catalog1,False
FRB20181217A,290.5,59.8,58469.89918234,CHIME_Catalog1,False
FRB20181218A,5.1,71.35,58470.10956691099,CHIME_Catalog1,False
FRB20181218B,18.0,69.4,58470.148712504,CHIME_Catalog1,False
FRB20181218C,286.0,58.2,58470.88608078,CHIME_Catalog1,False
FRB20181219B,180.8,71.6,58471.088782273,CHIME_Catalog1,False
FRB20181219C,17.8,14.1,58471.140031441,CHIME_Catalog1,False
FRB20181128A,73.9,63.22,58471.29492684,CHIME_Catalog1,True
FRB20181220A,346.1,48.4,58472.046663619,CHIME_Catalog1,False
FRB20181220B,277.4,84.9,58472.35477601,CHIME_Catalog1,False
FRB20181221A,230.6,25.9,58473.724019675996,CHIME_Catalog1,False
FRB20181221B,306.31,80.98,58473.941439357004,CHIME_Catalog1,False
FRB20180916B,29.503125800000003,65.7167542,58474.1662416099,CHIME_Catalog1,True
FRB20181222B,90.0,38.55,58474.329597671,CHIME_Catalog1,False
FRB20181222C,131.1,68.3,58474.450817838,CHIME_Catalog1,False
FRB20181222D,188.2,56.16,58474.6066161,CHIME_Catalog1,False
FRB20181222E,50.64,87.0,58474.718895114005,CHIME_Catalog1,False
FRB20180916B,29.503125800000003,65.7167542,58475.160751782,CHIME_Catalog1,True
FRB20181223B,174.9,21.6,58475.563193115,CHIME_Catalog1,False
FRB20181223C,181.1,27.6,58475.580233175,CHIME_Catalog1,False
FRB20181224A,355.11,44.56,58476.061732617,CHIME_Catalog1,False
FRB20181224B,45.4,46.1,58476.203368457005,CHIME_Catalog1,False
FRB20181224C,115.3,60.3,58476.40016535,CHIME_Catalog1,False
FRB20181224D,182.5,54.9,58476.583231799006,CHIME_Catalog1,False
FRB20181224E,239.32,7.3,58476.739645037,CHIME_Catalog1,False
FRB20180916B,29.503125800000003,65.7167542,58477.16185105,CHIME_Catalog1,True
FRB20181225B,36.8,88.2,58477.215145579,CHIME_Catalog1,False
FRB20181226C,349.1,44.9,58478.043158848,CHIME_Catalog1,False
FRB20180916B,29.503125800000003,65.7167542,58478.155209527,CHIME_Catalog1,True
FRB20181226D,120.2,22.16,58478.40366190099,CHIME_Catalog1,False
FRB20181226B,182.66,12.4,58478.577032245,CHIME_Catalog1,False
FRB20181226E,303.6,73.6,58478.910255335,CHIME_Catalog1,False
FRB20181227A,31.8,78.4,58479.156044097996,CHIME_Catalog1,False
FRB20181228A,7.3,10.2,58480.085205187,CHIME_Catalog1,False
FRB20181228B,250.4,63.9,58480.755505084,CHIME_Catalog1,False
FRB20181228C,265.2,54.4,58480.8030146,CHIME_Catalog1,False
FRB20181229A,137.2,42.0,58481.440950501,CHIME_Catalog1,False
FRB20181229B,238.4,19.8,58481.72495344,CHIME_Catalog1,False
FRB20181230A,346.7,83.4,58482.02102424,CHIME_Catalog1,False
FRB20181230B,20.8,79.7,58482.11078575,CHIME_Catalog1,False
FRB20181230C,245.8,50.5,58482.738149496,CHIME_Catalog1,False
FRB20181230D,255.3,50.5,58482.766381189,CHIME_Catalog1,False
FRB20181230E,113.3,86.85,58482.85930689,CHIME_Catalog1,False
FRB20181231A,29.7,21.0,58483.13803653901,CHIME_Catalog1,False
FRB20181231B,128.8,56.0,58483.413883998,CHIME_Catalog1,False
FRB20181231C,197.1,69.2,58483.608543156,CHIME_Catalog1,False
FRB20190101A,171.0,28.0,58484.52789143,CHIME_Catalog1,False
FRB20190101B,307.8,29.9,58484.905231534,CHIME_Catalog1,False
FRB20190102A,9.3,26.72,58485.075854265,CHIME_Catalog1,False
FRB20190102B,21.7,21.4,58485.113822597996,CHIME_Catalog1,False
FRB20190103B,93.57,19.7,58486.30971407,CHIME_Catalog1,False
FRB20190103C,104.2,11.07,58486.337397208,CHIME_Catalog1,False
FRB20181119A,190.5,65.1,58486.57457555,CHIME_Catalog1,True
FRB20190103D,221.8,59.9,58486.6672002,CHIME_Catalog1,False
FRB20190103E,262.9,45.8,58486.77656009999,CHIME_Catalog1,False
FRB20190104A,70.5,35.6,58487.24275656231,CHIME_Catalog1,False
FRB20190104B,234.7,-6.3,58487.6985445,CHIME_Catalog1,False
FRB20190105A,266.3,63.8,58488.77748891,CHIME_Catalog1,False
FRB20190106A,22.2,46.1,58489.10359583,CHIME_Catalog1,False
FRB20190106B,335.6,46.1,58489.973130559,CHIME_Catalog1,False
FRB20190107A,0.9,21.8,58490.0425753,CHIME_Catalog1,False
FRB20190107B,33.5,83.4,58490.14044362,CHIME_Catalog1,False
FRB20190109A,108.0,5.2,58492.33368501,CHIME_Catalog1,False
FRB20190109B,253.5,1.3,58492.73336049,CHIME_Catalog1,False
FRB20190110A,64.95,47.44,58493.21221296099,CHIME_Catalog1,False
FRB20190110B,131.7,50.2,58493.39450505,CHIME_Catalog1,False
FRB20190110C,247.0,41.42,58493.71599999999,CHIME_Catalog1,False
FRB20190111A,217.0,26.8,58494.6290615894,CHIME_Catalog1,False
FRB20190111B,260.0,13.53,58494.74933195,CHIME_Catalog1,False
FRB20190112A,257.98,61.2,58495.737167739004,CHIME_Catalog1,False
FRB20190113A,108.1,-3.0,58496.31981281,CHIME_Catalog1,False
FRB20190114A,9.0,19.2,58497.04583212,CHIME_Catalog1,False
FRB20190115A,45.6,54.3,58498.14432469,CHIME_Catalog1,False
FRB20190115B,76.8,82.1,58498.23797715,CHIME_Catalog1,False
FRB20190116E,19.4,52.3,58499.066817634004,CHIME_Catalog1,False
FRB20190116D,85.1,68.7,58499.249408535994,CHIME_Catalog1,False
FRB20190116B,192.3,27.2,58499.54692066,CHIME_Catalog1,True
FRB20190116B,192.3,27.2,58499.547458837005,CHIME_Catalog1,True
FRB20190116C,249.32,70.96,58499.704333705704,CHIME_Catalog1,False
FRB20190116F,261.7,75.0,58499.736543582,CHIME_Catalog1,False
FRB20190117C,115.1,74.6,58500.329930049,CHIME_Catalog1,False
FRB20190117D,208.9,31.7,58500.587523532005,CHIME_Catalog1,False
FRB20190117A,331.7,17.4,58500.92953830941,CHIME_Catalog1,True
FRB20190118B,39.7,23.6,58501.11653345,CHIME_Catalog1,False
FRB20190118A,253.31,11.55,58501.7099110403,CHIME_Catalog1,False
FRB20190121A,354.7,78.6,58504.981591432,CHIME_Catalog1,False
FRB20190122B,2.5,35.1,58505.00235178,CHIME_Catalog1,False
FRB20190122C,200.6,17.6,58505.55165319,CHIME_Catalog1,False
FRB20190122A,349.6,37.5,58505.96504764,CHIME_Catalog1,False
FRB20190124A,50.5,51.6,58507.12934437,CHIME_Catalog1,False
FRB20190124B,214.69,28.8,58507.588591208,CHIME_Catalog1,False
FRB20190124C,217.17,28.4,58507.593317067,CHIME_Catalog1,False
FRB20190124D,237.3,81.2,58507.646184324,CHIME_Catalog1,False
FRB20190124E,297.8,20.6,58507.81726226,CHIME_Catalog1,False
FRB20190124F,338.9,5.3,58507.930244283,CHIME_Catalog1,False
FRB20190125A,45.7,27.8,58508.11408947,CHIME_Catalog1,False
FRB20190125B,231.5,50.5,58508.627544358,CHIME_Catalog1,False
FRB20180916B,29.503125800000003,65.7167542,58509.06441346,CHIME_Catalog1,True
FRB20190127B,150.9,83.6,58510.39121647,CHIME_Catalog1,False
FRB20190128A,21.8,24.67,58511.042068370996,CHIME_Catalog1,False
FRB20190128B,127.4,23.3,58511.334745112996,CHIME_Catalog1,False
FRB20190128C,69.8,78.9,58511.67456895,CHIME_Catalog1,False
FRB20190128D,283.32,17.4,58511.767055415,CHIME_Catalog1,False
FRB20190129A,45.1,21.4,58512.10127473,CHIME_Catalog1,False
FRB20190130A,25.6,13.2,58513.04487554,CHIME_Catalog1,False
FRB20190130B,172.1,16.05,58513.454030201,CHIME_Catalog1,False
FRB20190131E,195.65,80.9,58514.011666934006,CHIME_Catalog1,False
FRB20190131D,57.5,22.8,58514.130217137004,CHIME_Catalog1,False
FRB20190131C,166.5,10.4,58514.43220708,CHIME_Catalog1,False
FRB20190131B,354.7,11.7,58514.957288,CHIME_Catalog1,False
FRB20190201B,118.2,55.6,58515.29523079401,CHIME_Catalog1,False
FRB20190201A,64.0,84.8,58515.65014996,CHIME_Catalog1,False
FRB20190202B,114.32,32.5,58516.285485723,CHIME_Catalog1,False
FRB20190202A,344.2,17.1,58516.91953916,CHIME_Catalog1,False
FRB20190203B,130.6,61.9,58517.32614952,CHIME_Catalog1,False
FRB20190203A,133.7,70.8,58517.331406207,CHIME_Catalog1,False
FRB20190203C,196.0,2.5,58517.50705059,CHIME_Catalog1,False
FRB20190204A,161.3,61.5,58518.40820018,CHIME_Catalog1,False
FRB20190204B,255.9,75.9,58518.673105775,CHIME_Catalog1,False
FRB20190205A,342.2,83.4,58519.89467052,CHIME_Catalog1,False
FRB20190206C,200.5,74.39,58520.51855071,CHIME_Catalog1,False
FRB20190206B,49.8,79.5,58520.58179143,CHIME_Catalog1,False
FRB20190206A,244.9,9.4,58520.632920742,CHIME_Catalog1,False
FRB20190208B,91.0,80.88,58522.210288183,CHIME_Catalog1,False
FRB20190208C,141.55,83.6,58522.33895074,CHIME_Catalog1,False
FRB20190208A,283.5,47.0,58522.737392093,CHIME_Catalog1,True
FRB20190209A,144.3,77.7,58523.34746555,CHIME_Catalog1,True
FRB20190210B,104.2,23.7,58524.233696043,CHIME_Catalog1,False
FRB20190210C,295.8,89.1,58524.25258585,CHIME_Catalog1,False
FRB20190209A,144.3,77.7,58524.34529982,CHIME_Catalog1,True
FRB20190210D,307.8,55.5,58524.801984080994,CHIME_Catalog1,False
FRB20190210E,313.7,86.7,58524.84859669,CHIME_Catalog1,False
FRB20190211A,67.1,68.6,58525.128419262,CHIME_Catalog1,False
FRB20190211B,299.6,61.4,58525.77622726,CHIME_Catalog1,False
FRB20190212B,140.0,52.1,58526.329156489,CHIME_Catalog1,False
FRB20190212C,172.6,28.14,58526.42003101,CHIME_Catalog1,False
FRB20190212D,178.8,66.7,58526.44032986,CHIME_Catalog1,False
FRB20190212A,276.1,81.4,58526.678744000004,CHIME_Catalog1,True
FRB20190213A,31.7,20.1,58527.02947582,CHIME_Catalog1,True
FRB20190213C,64.3,45.0,58527.11651018,CHIME_Catalog1,False
FRB20190212A,276.1,81.4,58527.714962027,CHIME_Catalog1,True
FRB20190213D,336.45,52.7,58527.87102844,CHIME_Catalog1,False
FRB20190214A,96.1,66.2,58528.19776855,CHIME_Catalog1,False
FRB20190214C,218.87,19.4,58528.53955059,CHIME_Catalog1,False
FRB20190215B,335.0,45.3,58529.8625187983,CHIME_Catalog1,False
FRB20181017A,256.3,68.3,58530.64372972,CHIME_Catalog1,True
FRB20190217A,94.9,43.1,58531.188864142,CHIME_Catalog1,False
FRB20190217B,22.6,27.0,58531.985682807004,CHIME_Catalog1,False
FRB20190218A,184.1,56.4,58532.430714165,CHIME_Catalog1,False
FRB20190218B,268.7,17.9,58532.66733997,CHIME_Catalog1,False
FRB20190218C,157.0,78.0,58532.847349822194,CHIME_Catalog1,False
FRB20190219A,105.78,43.1,58533.215590712,CHIME_Catalog1,False
FRB20190219B,246.3,57.9,58533.602108855,CHIME_Catalog1,False
FRB20190219C,349.7,49.2,58533.888842299995,CHIME_Catalog1,False
FRB20190220A,237.2,74.2,58534.58166240001,CHIME_Catalog1,False
FRB20190221A,132.6,9.9,58535.282989294006,CHIME_Catalog1,False
FRB20190221B,286.8,27.9,58535.710377346,CHIME_Catalog1,False
FRB20190221C,316.2,54.7,58535.792165442996,CHIME_Catalog1,False
FRB20190221D,24.8,60.9,58535.978568166,CHIME_Catalog1,False
FRB20190222B,160.7,19.62,58536.35734830001,CHIME_Catalog1,False
FRB20190222C,239.18,40.0,58536.573605305995,CHIME_Catalog1,False
FRB20190222A,313.1,69.8,58536.781960874,CHIME_Catalog1,True
FRB20190222D,313.9,26.6,58536.782835193,CHIME_Catalog1,False
FRB20190223A,64.7,87.7,58537.150224617,CHIME_Catalog1,False
FRB20190223B,311.6,60.6,58537.77210566,CHIME_Catalog1,False
FRB20190224A,60.5,83.4,58538.09529474,CHIME_Catalog1,False
FRB20190224B,268.2,82.6,58538.158837515,CHIME_Catalog1,False
FRB20190224C,124.1,19.8,58538.250431823,CHIME_Catalog1,False
FRB20190224D,331.9,89.1,58538.323958192996,CHIME_Catalog1,False
FRB20190224E,183.04,61.5,58538.417232855,CHIME_Catalog1,False
FRB20190226A,58.8,31.9,58540.06706253599,CHIME_Catalog1,False
FRB20190226B,273.6,61.8,58540.65834563,CHIME_Catalog1,False
FRB20190226C,17.5,26.76,58540.94814174,CHIME_Catalog1,False
FRB20190227A,108.4,56.3,58541.196940689006,CHIME_Catalog1,False
FRB20190227B,220.5,39.8,58541.50775333,CHIME_Catalog1,False
FRB20190228A,183.48,22.9,58542.403488265,CHIME_Catalog1,False
FRB20190228B,50.01,81.9,58542.531064366,CHIME_Catalog1,False
FRB20190301B,69.5,74.1,58543.08615686,CHIME_Catalog1,False
FRB20190301C,171.8,34.9,58543.36761879,CHIME_Catalog1,False
FRB20190301D,278.7,74.68,58543.65941815,CHIME_Catalog1,False
FRB20190222A,313.1,69.8,58543.752111965994,CHIME_Catalog1,True
FRB20190302A,34.8,61.3,58544.98412775,CHIME_Catalog1,False
FRB20190303B,128.74,66.03,58545.243344984294,CHIME_Catalog1,False
FRB20190303C,173.2,26.3,58545.36873353,CHIME_Catalog1,False
FRB20190303D,179.6,70.8,58545.39157111,CHIME_Catalog1,False
FRB20190303A,208.0,48.2,58545.46200053,CHIME_Catalog1,True
FRB20190304A,124.51,74.6,58546.227910341,CHIME_Catalog1,False
FRB20190304B,204.9,24.2,58546.453485317004,CHIME_Catalog1,False
FRB20190304C,223.0,26.7,58546.501249004,CHIME_Catalog1,False
FRB20190307A,254.6,9.9,58549.58179548,CHIME_Catalog1,False
FRB20190307B,269.2,38.4,58549.62415401,CHIME_Catalog1,False
FRB20190308C,188.36,44.4,58550.396322652996,CHIME_Catalog1,False
FRB20190308B,38.59,83.6,58550.4669946,CHIME_Catalog1,False
FRB20190309A,279.0,52.4,58551.643480714,CHIME_Catalog1,False
FRB20190313B,102.0,74.1,58555.138963800004,CHIME_Catalog1,False
FRB20181119A,190.5,65.1,58555.39012454,CHIME_Catalog1,True
FRB20190316A,5.2,20.5,58558.862665367,CHIME_Catalog1,False
FRB20190317A,87.4,44.7,58559.09337537,CHIME_Catalog1,False
FRB20190317B,101.01,49.7,58559.127106541,CHIME_Catalog1,False
FRB20190317C,125.8,32.1,58559.19933451,CHIME_Catalog1,False
FRB20190317F,236.25,47.1,58559.506890645,CHIME_Catalog1,False
FRB20190317E,274.4,13.3,58559.61171829599,CHIME_Catalog1,False
FRB20190318A,324.1,74.5,58560.738919622,CHIME_Catalog1,False
FRB20190319A,113.4,5.7,58561.156965931,CHIME_Catalog1,False
FRB20190320A,61.6,63.4,58562.014611073,CHIME_Catalog1,False
FRB20190320B,250.4,39.6,58562.533028513,CHIME_Catalog1,False
FRB20190320C,254.7,22.4,58562.54789453401,CHIME_Catalog1,False
FRB20190320D,262.2,59.1,58562.56467839,CHIME_Catalog1,False
FRB20190320E,76.6,89.2,58562.971827585,CHIME_Catalog1,False
FRB20190322A,110.8,51.3,58564.14449500001,CHIME_Catalog1,False
FRB20190322B,132.0,73.3,58564.19786169,CHIME_Catalog1,False
FRB20190322C,296.4,70.7,58564.65575584,CHIME_Catalog1,False
FRB20190323A,112.4,34.5,58565.144424768,CHIME_Catalog1,False
FRB20190323B,193.22,77.2,58565.363150085,CHIME_Catalog1,False
FRB20190323C,199.5,40.1,58565.386941900004,CHIME_Catalog1,False
FRB20190323D,56.9,46.9,58565.9912969,CHIME_Catalog1,False
FRB20190325A,130.4,83.1,58567.18038618,CHIME_Catalog1,False
FRB20190325B,183.9,30.32,58567.33568434,CHIME_Catalog1,False
FRB20190325C,53.9,60.2,58567.97646039,CHIME_Catalog1,False
FRB20190326A,161.9,74.2,58568.27726197,CHIME_Catalog1,False
FRB20190327A,281.3,34.28,58569.602405255,CHIME_Catalog1,False
FRB20190328A,120.4,59.1,58570.15749269,CHIME_Catalog1,False
FRB20190328B,199.5,86.9,58570.40886353,CHIME_Catalog1,False
FRB20190328C,73.8,82.0,58570.517506133,CHIME_Catalog1,False
FRB20190329B,87.9,76.3,58571.055938187004,CHIME_Catalog1,False
FRB20190329C,279.79,51.6,58571.591907391,CHIME_Catalog1,False
FRB20190329A,65.5,73.6,58571.99885785,CHIME_Catalog1,False
FRB20190330A,204.1,38.36,58572.38050408,CHIME_Catalog1,False
FRB20190330B,269.41,52.8,58572.560358824005,CHIME_Catalog1,False
FRB20190401A,196.8,79.9,58574.35864405,CHIME_Catalog1,False
FRB20190402A,178.6,47.1,58575.29873229,CHIME_Catalog1,False
FRB20190403G,81.7,25.8,58576.0295299,CHIME_Catalog1,False
FRB20190403A,116.3,86.4,58576.10937642,CHIME_Catalog1,False
FRB20190403B,135.5,1.46,58576.18047849,CHIME_Catalog1,False
FRB20190403C,249.8,58.7,58576.49222585,CHIME_Catalog1,False
FRB20190403D,326.5,84.3,58576.72776568,CHIME_Catalog1,False
FRB20190403E,220.22,86.5,58576.885389335,CHIME_Catalog1,False
FRB20190403F,43.3,33.1,58576.92169858,CHIME_Catalog1,False
FRB20190404A,143.1,36.9,58577.19521083,CHIME_Catalog1,False
FRB20190404B,259.8,40.0,58577.52240299599,CHIME_Catalog1,False
FRB20190405A,337.0,21.0,58578.73224998,CHIME_Catalog1,False
FRB20190405B,236.48,89.2,58578.98019176,CHIME_Catalog1,False
FRB20190208A,283.5,47.0,58580.0,CHIME_Catalog1,True
FRB20190408A,262.2,71.6,58581.5179466,CHIME_Catalog1,False
FRB20190409A,79.5,6.7,58582.00692909,CHIME_Catalog1,False
FRB20190409B,126.7,63.5,58582.14282455,CHIME_Catalog1,False
FRB20190409C,252.6,71.6,58582.48865725,CHIME_Catalog1,False
FRB20190409D,336.6,27.0,58582.72157403,CHIME_Catalog1,False
FRB20190410A,263.5,-2.4,58583.51375992,CHIME_Catalog1,False
FRB20190410B,265.76,15.2,58583.51935672,CHIME_Catalog1,False
FRB20190411A,80.0,83.9,58584.025929212,CHIME_Catalog1,False
FRB20190411B,154.0,29.2,58584.209121534004,CHIME_Catalog1,False
FRB20190411C,9.33,20.5,58584.805976592004,CHIME_Catalog1,False
FRB20190412A,243.5,61.9,58585.454380227995,CHIME_Catalog1,False
FRB20190412B,285.7,19.3,58585.57195246,CHIME_Catalog1,False
FRB20190414A,181.4,38.9,58587.276902852995,CHIME_Catalog1,False
FRB20190414B,246.9,57.5,58587.46045947,CHIME_Catalog1,False
FRB20190415A,182.4,71.3,58588.275032786,CHIME_Catalog1,False
FRB20190415B,8.9,54.85,58588.793820000006,CHIME_Catalog1,False
FRB20190415C,74.8,34.8,58588.974838987,CHIME_Catalog1,False
FRB20190416A,145.0,33.3,58589.17186433599,CHIME_Catalog1,False
FRB20190416B,172.2,35.95,58589.243087849005,CHIME_Catalog1,False
FRB20190417B,174.9,64.7,58590.25158079,CHIME_Catalog1,False
FRB20190417A,294.9,59.4,58590.58061134,CHIME_Catalog1,True
FRB20190417C,45.68,71.26,58590.8904473187,CHIME_Catalog1,False
FRB20190418A,65.8,16.0,58591.940474878,CHIME_Catalog1,False
FRB20190419A,105.0,64.88,58592.053070632996,CHIME_Catalog1,False
FRB20190419B,255.3,86.74,58592.94339506901,CHIME_Catalog1,False
FRB20190420B,94.7,70.12,58593.019502033,CHIME_Catalog1,False
FRB20190420A,106.6,56.0,58593.051988844,CHIME_Catalog1,False
FRB20190420C,248.1,37.3,58593.44495265,CHIME_Catalog1,False
FRB20190303A,208.0,48.2,58594.333453162,CHIME_Catalog1,True
FRB20190421B,82.49,62.31,58594.977618107005,CHIME_Catalog1,False
FRB20190422B,158.3,45.67,58595.18793344,CHIME_Catalog1,False
FRB20190422A,48.6,35.2,58595.88432418,CHIME_Catalog1,False
FRB20190423A,179.7,55.3,58596.2497716392,CHIME_Catalog1,False
FRB20190423B,298.6,26.2,58596.5777762,CHIME_Catalog1,False
FRB20190423C,349.1,86.97,58596.733670713,CHIME_Catalog1,False
FRB20190423D,29.7,84.8,58596.840547513,CHIME_Catalog1,False
FRB20190424A,168.3,63.78,58597.211743545995,CHIME_Catalog1,False
FRB20190425A,255.7,21.5,58598.449929777096,CHIME_Catalog1,False
FRB20190425B,210.1,88.6,58598.754030603,CHIME_Catalog1,False
FRB20190426A,115.0,59.1,58599.061184077,CHIME_Catalog1,False
FRB20190427A,78.9,7.8,58600.9545243727,CHIME_Catalog1,False
FRB20190428A,170.73,23.3,58601.209369145996,CHIME_Catalog1,False
FRB20190429A,281.1,59.4,58602.50770929,CHIME_Catalog1,False
FRB20190429B,329.9,4.0,58602.64820601,CHIME_Catalog1,False
FRB20190430B,237.7,62.3,58603.38945675,CHIME_Catalog1,False
FRB20190430A,77.7,87.0,58603.45185672,CHIME_Catalog1,False
FRB20190430C,277.2,24.9,58603.495727319,CHIME_Catalog1,False
FRB20190501B,261.5,54.4,58604.454042709,CHIME_Catalog1,False
FRB20190502A,165.0,60.0,58605.1829522813,CHIME_Catalog1,False
FRB20190502B,212.0,64.44,58605.313075998,CHIME_Catalog1,False
FRB20190502C,155.6,82.97,58605.664072992004,CHIME_Catalog1,False
FRB20190515A,310.2,55.5,58618.54699996,CHIME_Catalog1,False
FRB20190515B,0.8,3.4,58618.686789629006,CHIME_Catalog1,False
FRB20190213A,31.7,20.1,58618.7734646,CHIME_Catalog1,True
FRB20190515D,67.1,-5.0,58618.873798793,CHIME_Catalog1,False
FRB20190516B,167.3,7.4,58619.151392662,CHIME_Catalog1,False
FRB20190517D,340.0,41.8,58620.62436765,CHIME_Catalog1,False
FRB20180814A,65.5,73.6,58620.85667787,CHIME_Catalog1,True
FRB20190517C,87.5,26.6,58620.921331214005,CHIME_Catalog1,False
FRB20190518B,175.1,20.3,58621.166374403,CHIME_Catalog1,False
FRB20190518C,242.01,4.6,58621.349301598,CHIME_Catalog1,False
FRB20190518D,174.7,89.3,58621.37825603,CHIME_Catalog1,False
FRB20180916B,29.503125800000003,65.7167542,58621.759521586,CHIME_Catalog1,True
FRB20180916B,29.503125800000003,65.7167542,58621.764652893,CHIME_Catalog1,True
FRB20190518G,94.8,75.5,58621.945026317,CHIME_Catalog1,False
FRB20190519D,164.6,42.99,58622.13324544099,CHIME_Catalog1,False
FRB20190519E,168.3,41.7,58622.144989693,CHIME_Catalog1,False
FRB20190519F,165.6,77.2,58622.145965243,CHIME_Catalog1,False
FRB20190519G,306.7,72.3,58622.53349492,CHIME_Catalog1,False
FRB20190519H,343.0,87.37,58622.648564775,CHIME_Catalog1,False
FRB20180916B,29.503125800000003,65.7167542,58622.74335231599,CHIME_Catalog1,True
FRB20180916B,29.503125800000003,65.7167542,58622.756267360994,CHIME_Catalog1,True
FRB20180916B,29.503125800000003,65.7167542,58622.757525392,CHIME_Catalog1,True
FRB20190519J,296.21,86.9,58622.961199670994,CHIME_Catalog1,False
FRB20190520A,273.52,26.32,58623.434067865994,CHIME_Catalog1,False
FRB20190527A,12.5,7.99,58630.6862003,CHIME_Catalog1,False
FRB20181128A,73.9,63.22,58630.86089978,CHIME_Catalog1,True
FRB20190527C,100.2,57.0,58630.9327143193,CHIME_Catalog1,False
FRB20190529A,68.1,40.3,58632.837488178,CHIME_Catalog1,False
FRB20190530A,68.74,60.6,58633.838741225,CHIME_Catalog1,False
FRB20190531A,203.96,81.7,58634.218316013,CHIME_Catalog1,False
FRB20190531B,259.91,49.3,58634.3665001787,CHIME_Catalog1,False
FRB20190531C,331.1,43.0,58634.564788266,CHIME_Catalog1,False
FRB20190531E,15.2,0.5,58634.686277765,CHIME_Catalog1,False
FRB20190601A,190.1,62.7,58635.170600375,CHIME_Catalog1,False
FRB20190601B,17.9,23.82,58635.688703686,CHIME_Catalog1,False
FRB20190601D,85.9,79.4,58635.87179568,CHIME_Catalog1,False
FRB20190601C,88.5,28.47,58635.884481383,CHIME_Catalog1,False
FRB20190603B,48.9,74.3,58637.267588365,CHIME_Catalog1,False
FRB20180916B,29.503125800000003,65.7167542,58637.71485449,CHIME_Catalog1,True
FRB20190604D,199.9,15.7,58638.188653034005,CHIME_Catalog1,False
FRB20190604A,218.8,53.3,58638.243023695,CHIME_Catalog1,True
FRB20190604E,235.6,32.1,58638.28877139,CHIME_Catalog1,False
FRB20180916B,29.503125800000003,65.7167542,58638.716432882,CHIME_Catalog1,True
FRB20190604C,77.4,49.3,58638.845609802,CHIME_Catalog1,False
FRB20190604G,120.81,59.5,58638.966974065,CHIME_Catalog1,False
FRB20190605C,168.32,-5.19,58639.097765572995,CHIME_Catalog1,False
FRB20190605D,26.7,28.6,58639.70354210099,CHIME_Catalog1,False
FRB20180916B,29.503125800000003,65.7167542,58639.70561256901,CHIME_Catalog1,True
FRB20180916B,29.503125800000003,65.7167542,58639.710079485,CHIME_Catalog1,True
FRB20190604A,218.8,53.3,58640.232309365994,CHIME_Catalog1,True
FRB20190606B,108.8,86.9,58640.93030419,CHIME_Catalog1,False
FRB20190607A,26.23,23.66,58641.694128144,CHIME_Catalog1,False
FRB20190607B,42.0,49.6,58641.737474894006,CHIME_Catalog1,False
FRB20190608A,359.2,19.2,58642.620280933,CHIME_Catalog1,False
FRB20190609A,345.3,87.9,58643.1153025701,CHIME_Catalog1,False
FRB20190609B,210.5,88.35,58643.6997816426,CHIME_Catalog1,False
FRB20190609C,73.2,24.1,58643.818858235994,CHIME_Catalog1,False
FRB20190609D,115.94,51.7,58643.939752215,CHIME_Catalog1,False
FRB20180814A,65.5,73.6,58645.786601484004,CHIME_Catalog1,True
FRB20190612A,148.2,70.4,58646.02568994,CHIME_Catalog1,False
FRB20190612B,222.2,4.3,58646.229661857,CHIME_Catalog1,False
FRB20190612C,79.12,61.0,58646.832791005996,CHIME_Catalog1,False
FRB20190613A,257.4,18.9,58647.32319346,CHIME_Catalog1,False
FRB20190613B,65.75,42.7,58647.78915864,CHIME_Catalog1,False
FRB20190614A,179.79,88.3,58648.157123478,CHIME_Catalog1,False
FRB20190614B,332.86,24.69,58648.528859335,CHIME_Catalog1,False
FRB20190614C,356.5,35.9,58648.592482649,CHIME_Catalog1,False
FRB20190616A,234.0,34.5,58650.247646701,CHIME_Catalog1,False
FRB20190617A,178.6,83.9,58651.0921248881,CHIME_Catalog1,False
FRB20190617B,56.43,1.2,58651.75348023,CHIME_Catalog1,False
FRB20190617C,134.4,35.7,58651.96779726,CHIME_Catalog1,False
FRB20190618A,321.3,25.44,58652.487644312,CHIME_Catalog1,False
FRB20190619A,165.2,68.4,58653.05320074,CHIME_Catalog1,False
FRB20190619B,231.7,82.2,58653.24015755,CHIME_Catalog1,False
FRB20190619C,38.3,36.3,58653.69903133,CHIME_Catalog1,False
FRB20190619D,114.8,41.6,58653.90962848,CHIME_Catalog1,False
FRB20180908B,188.2,74.2,58655.09819361,CHIME_Catalog1,True
FRB20190621B,193.1,55.6,58655.12005026,CHIME_Catalog1,False
FRB20190621C,206.6,5.2,58655.15951307,CHIME_Catalog1,False
FRB20190621D,270.63,78.9,58655.34370799,CHIME_Catalog1,False
FRB20190622A,299.0,85.8,58656.40714944,CHIME_Catalog1,False
FRB20190623A,270.5,24.5,58657.330921504006,CHIME_Catalog1,False
FRB20190623B,335.2,46.1,58657.511784062,CHIME_Catalog1,False
FRB20190623C,192.3,86.0,58657.630607907995,CHIME_Catalog1,False
FRB20190624A,168.3,69.78,58658.048373617,CHIME_Catalog1,False
FRB20190624B,304.65,73.6,58658.924380108496,CHIME_Catalog1,False
FRB20190625A,227.9,32.9,58659.21025848,CHIME_Catalog1,False
FRB20180814A,65.5,73.6,58659.738735537,CHIME_Catalog1,True
FRB20190625C,73.2,11.1,58659.7753221697,CHIME_Catalog1,False
FRB20190625D,115.02,4.87,58659.893952356106,CHIME_Catalog1,False
FRB20190627A,195.9,0.8,58661.115827027,CHIME_Catalog1,False
FRB20190627B,256.4,40.8,58661.282239019696,CHIME_Catalog1,False
FRB20190627C,267.88,71.6,58661.3078941547,CHIME_Catalog1,False
FRB20190627D,295.3,43.8,58661.390181553,CHIME_Catalog1,False
FRB20190628A,199.1,51.8,58662.119326322005,CHIME_Catalog1,False
FRB20190628B,248.5,80.14,58662.247808198,CHIME_Catalog1,False
FRB20190628C,11.5,48.59,58662.59897690001,CHIME_Catalog1,False
FRB20190629A,6.3,12.7,58663.57903458,CHIME_Catalog1,False
FRB20190630B,328.2,43.0,58664.471721463,CHIME_Catalog1,False
FRB20190117A,331.7,17.4,58664.482458865,CHIME_Catalog1,True
FRB20190630C,68.4,80.95,58664.743219439006,CHIME_Catalog1,False
FRB20190630D,143.4,8.9,58664.958263749,CHIME_Catalog1,False
FRB20190701A,277.5,59.0,58665.327921525,CHIME_Catalog1,False
FRB20190701B,302.9,80.2,58665.410225064006,CHIME_Catalog1,False
FRB20190701C,96.4,81.6,58665.817533242,CHIME_Catalog1,False
FRB20190701D,112.1,66.7,58665.870924735995,CHIME_Catalog1,False
FRB20190701E,138.6,61.71,58665.938930191,CHIME_Catalog1,False
FRB190907.J08+46,122.24999999999999,46.266666666666666,58733.71022350695,CHIME_repeaters,True
FRB190907.J08+46,122.24999999999999,46.266666666666666,58741.68584324421,CHIME_repeaters,True
FRB190907.J08+46,122.24999999999999,46.266666666666666,58751.66257451389,CHIME_repeaters,True
FRB190907.J08+46,122.24999999999999,46.266666666666666,58915.21377341315,CHIME_repeaters,True
FRB190907.J08+46,122.24999999999999,46.266666666666666,59059.82090013907,CHIME_repeaters,True
FRB20180814A,65.49999999999999,73.66666666666667,58712.61108579415,CHIME_repeaters,True
FRB20180814A,65.49999999999999,73.66666666666667,58755.49900462963,CHIME_repeaters,True
FRB20180814A,65.49999999999999,73.66666666666667,58785.40415133902,CHIME_repeaters,True
FRB20180814A,65.49999999999999,73.66666666666667,58794.891054953565,CHIME_repeaters,True
FRB20180814A,65.49999999999999,73.66666666666667,58798.37170723019,CHIME_repeaters,True
FRB20180814A,65.49999999999999,73.66666666666667,58903.07493439976,CHIME_repeaters,True
FRB20180814A,65.49999999999999,73.66666666666667,58910.07796813244,CHIME_repeaters,True
FRB20180814A,65.49999999999999,73.66666666666667,59095.55594101522,CHIME_repeaters,True
FRB20180908B,187.99999999999997,74.2,58666.0821143309,CHIME_repeaters,True
FRB20180908B,187.99999999999997,74.2,58682.04953768518,CHIME_repeaters,True
FRB20180916B,29.5,65.73333333333333,58704.53529240891,CHIME_repeaters,True
FRB20180916B,29.5,65.73333333333333,58705.53453145176,CHIME_repeaters,True
FRB20180916B,29.5,65.73333333333333,58720.4919865842,CHIME_repeaters,True
FRB20180916B,29.5,65.73333333333333,58786.31524300551,CHIME_repeaters,True
FRB20180916B,29.5,65.73333333333333,58835.17323650127,CHIME_repeaters,True
FRB20180916B,29.5,65.73333333333333,58835.17323650127,CHIME_repeaters,True
FRB20180916B,29.5,65.73333333333333,58836.1719771064,CHIME_repeaters,True
FRB20180916B,29.5,65.73333333333333,58852.1362836522,CHIME_repeaters,True
FRB20180916B,29.5,65.73333333333333,58868.07585727564,CHIME_repeaters,True
FRB20180916B,29.5,65.73333333333333,58882.04680555371,CHIME_repeaters,True
FRB20180916B,29.5,65.73333333333333,58898.99556707247,CHIME_repeaters,True
FRB20180916B,29.5,65.73333333333333,58899.00705917415,CHIME_repeaters,True
FRB20180916B,29.5,65.73333333333333,58900.00681267457,CHIME_repeaters,True
FRB20180916B,29.5,65.73333333333333,58932.899927301594,CHIME_repeaters,True
FRB20180916B,29.5,65.73333333333333,58962.818799763816,CHIME_repeaters,True
FRB20180916B,29.5,65.73333333333333,58963.82877942889,CHIME_repeaters,True
FRB20180916B,29.5,65.73333333333333,58981.77662314384,CHIME_repeaters,True
FRB20180916B,29.5,65.73333333333333,58982.771574675935,CHIME_repeaters,True
FRB20180916B,29.5,65.73333333333333,59013.69287136082,CHIME_repeaters,True
FRB20180916B,29.5,65.73333333333333,59014.68532524314,CHIME_repeaters,True
FRB20180916B,29.5,65.73333333333333,59032.64285118906,CHIME_repeaters,True
FRB20180916B,29.5,65.73333333333333,59062.560779710984,CHIME_repeaters,True
FRB20180916B,29.5,65.73333333333333,59095.465653888474,CHIME_repeaters,True
FRB20180916B,29.5,65.73333333333333,59096.452813008116,CHIME_repeaters,True
FRB20180916B,29.5,65.73333333333333,59111.40643038524,CHIME_repeaters,True
FRB20180916B,29.5,65.73333333333333,59176.24447361031,CHIME_repeaters,True
FRB20180916B,29.5,65.73333333333333,59225.10427865081,CHIME_repeaters,True
FRB20180916B,29.5,65.73333333333333,59241.06071433182,CHIME_repeaters,True
FRB20180916B,29.5,65.73333333333333,59244.04399624613,CHIME_repeaters,True
FRB20180916B,29.5,65.73333333333333,59245.05832677345,CHIME_repeaters,True
FRB20180916B,29.5,65.73333333333333,58720.49447931875,CHIME_repeaters,True
FRB20180916B,29.5,65.73333333333333,58720.49565805656,CHIME_repeaters,True
FRB20180916B,29.5,65.73333333333333,58786.320749485865,CHIME_repeaters,True
FRB20180916B,29.5,65.73333333333333,58836.174516808474,CHIME_repeaters,True
FRB20180916B,29.5,65.73333333333333,58852.13773217985,CHIME_repeaters,True
FRB20180916B,29.5,65.73333333333333,58883.018689870165,CHIME_repeaters,True
FRB20180916B,29.5,65.73333333333333,58883.0399499306,CHIME_repeaters,True
FRB20180916B,29.5,65.73333333333333,58883.04155465239,CHIME_repeaters,True
FRB20180916B,29.5,65.73333333333333,58883.04405303031,CHIME_repeaters,True
FRB20180916B,29.5,65.73333333333333,58883.05371959034,CHIME_repeaters,True
FRB20180916B,29.5,65.73333333333333,59047.581808927695,CHIME_repeaters,True
FRB20180916B,29.5,65.73333333333333,59047.58763726263,CHIME_repeaters,True
FRB20180916B,29.5,65.73333333333333,59243.04936684171,CHIME_repeaters,True
FRB20180916B,29.5,65.73333333333333,59243.059205160615,CHIME_repeaters,True
FRB20181030B,163.5,73.73333333333333,58870.43093257522,CHIME_repeaters,True
FRB20181030B,163.5,73.73333333333333,58870.435421791226,CHIME_repeaters,True
FRB20181030B,163.5,73.73333333333333,58870.436346030845,CHIME_repeaters,True
FRB20181030B,163.5,73.73333333333333,58870.92327395976,CHIME_repeaters,True
FRB20181030B,163.5,73.73333333333333,58870.9235231786,CHIME_repeaters,True
FRB20181030B,163.5,73.73333333333333,58870.932191953,CHIME_repeaters,True
FRB20181030B,163.5,73.73333333333333,58870.93287425558,CHIME_repeaters,True
FRB20181119A,190.49999999999997,65.13333333333334,58752.84686050572,CHIME_repeaters,True
FRB20181119A,190.49999999999997,65.13333333333334,58819.65589499419,CHIME_repeaters,True
FRB20181119A,190.49999999999997,65.13333333333334,58822.655730391874,CHIME_repeaters,True
FRB20181119A,190.49999999999997,65.13333333333334,59021.1104446458,CHIME_repeaters,True
FRB20181119A,190.49999999999997,65.13333333333334,59187.65926220693,CHIME_repeaters,True
FRB20181128A,74.0,63.38333333333333,58815.352566435184,CHIME_repeaters,True
FRB20190117A,331.74999999999994,17.383333333333333,58705.369722916665,CHIME_repeaters,True
FRB20190117A,331.74999999999994,17.383333333333333,58710.35678934838,CHIME_repeaters,True
FRB20190117A,331.74999999999994,17.383333333333333,58719.3325912037,CHIME_repeaters,True
FRB20190117A,331.74999999999994,17.383333333333333,58840.00494363727,CHIME_repeaters,True
FRB20190208A,283.75,46.96666666666667,58872.779840937175,CHIME_repeaters,True
FRB20190208A,283.75,46.96666666666667,58922.640755483175,CHIME_repeaters,True
FRB20190208A,283.75,46.96666666666667,58961.53207686245,CHIME_repeaters,True
FRB20190208A,283.75,46.96666666666667,58982.47538454189,CHIME_repeaters,True
FRB20190208A,283.75,46.96666666666667,59248.74874048936,CHIME_repeaters,True
FRB20190212A,275.99999999999994,81.43333333333334,58774.77330214885,CHIME_repeaters,True
FRB20190212A,275.99999999999994,81.43333333333334,58834.36036873522,CHIME_repeaters,True
FRB20190212A,275.99999999999994,81.43333333333334,58837.35948833416,CHIME_repeaters,True
FRB20190212A,275.99999999999994,81.43333333333334,59054.282388517386,CHIME_repeaters,True
FRB20190212A,275.99999999999994,81.43333333333334,59055.235369520764,CHIME_repeaters,True
FRB20190303A,208.24999999999997,48.25,58666.135182439815,CHIME_repeaters,True
FRB20190303A,208.24999999999997,48.25,58769.85516522587,CHIME_repeaters,True
FRB20190303A,208.24999999999997,48.25,58776.82558893146,CHIME_repeaters,True
FRB20190303A,208.24999999999997,48.25,58785.808406332086,CHIME_repeaters,True
FRB20190303A,208.24999999999997,48.25,58797.77293428942,CHIME_repeaters,True
FRB20190303A,208.24999999999997,48.25,58800.758652504526,CHIME_repeaters,True
FRB20190303A,208.24999999999997,48.25,58803.75684240249,CHIME_repeaters,True
FRB20190303A,208.24999999999997,48.25,58804.76286423926,CHIME_repeaters,True
FRB20190303A,208.24999999999997,48.25,58832.676196572385,CHIME_repeaters,True
FRB20190303A,208.24999999999997,48.25,58848.63737868936,CHIME_repeaters,True
FRB20190303A,208.24999999999997,48.25,58860.60178376669,CHIME_repeaters,True
FRB20190303A,208.24999999999997,48.25,59013.18791975759,CHIME_repeaters,True
FRB20190303A,208.24999999999997,48.25,59022.161024591056,CHIME_repeaters,True
FRB20190303A,208.24999999999997,48.25,59101.93754152479,CHIME_repeaters,True
FRB20190303A,208.24999999999997,48.25,59254.52322667603,CHIME_repeaters,True
FRB20190303A,208.24999999999997,48.25,59254.50325831191,CHIME_repeaters,True
FRB20190417A,294.74999999999994,59.4,58701.27557493056,CHIME_repeaters,True
FRB20190417A,294.74999999999994,59.4,58755.134905625,CHIME_repeaters,True
FRB20190417A,294.74999999999994,59.4,58872.808720467845,CHIME_repeaters,True
FRB20190417A,294.74999999999994,59.4,59056.30674094405,CHIME_repeaters,True
FRB121102,83.0375,33.08694444444445,56233.28284,FRB121102,True
FRB121102,83.0375,33.08694444444445,57159.7376,FRB121102,True
FRB121102,83.0375,33.08694444444445,57159.74422000001,FRB121102,True
FRB121102,83.0375,33.08694444444445,57175.69314,FRB121102,True
FRB121102,83.0375,33.08694444444445,57175.69972999999,FRB121102,True
FRB121102,83.0375,33.08694444444445,57175.74258,FRB121102,True
FRB121102,83.0375,33.08694444444445,57175.74284,FRB121102,True
FRB121102,83.0375,33.08694444444445,57175.74351,FRB121102,True
FRB121102,83.0375,33.08694444444445,57175.74567,FRB121102,True
FRB121102,83.0375,33.08694444444445,57175.74762,FRB121102,True
FRB121102,83.0375,33.08694444444445,57175.74829,FRB121102,True
FRB121102,83.0375,33.08694444444445,57339.35605,FRB121102,True
FRB121102,83.0375,33.08694444444445,57345.44769,FRB121102,True
FRB121102,83.0375,33.08694444444445,57345.45249,FRB121102,True
FRB121102,83.0375,33.08694444444445,57345.4576,FRB121102,True
FRB121102,83.0375,33.08694444444445,57345.46241,FRB121102,True
FRB121102,83.0375,33.08694444444445,57364.20462999999,FRB121102,True
FRB121102,83.0375,33.08694444444445,57364.20462999999,FRB121102,True
FRB121102,83.0375,33.08694444444445,57473.84669,FRB121102,True
FRB121102,83.0375,33.08694444444445,57611.45295,FRB121102,True
FRB121102,83.0375,33.08694444444445,57620.39222,FRB121102,True
FRB121102,83.0375,33.08694444444445,57620.39407,FRB121102,True
FRB121102,83.0375,33.08694444444445,57620.39962999999,FRB121102,True
FRB121102,83.0375,33.08694444444445,57623.74402000001,FRB121102,True
FRB121102,83.0375,33.08694444444445,57623.74403,FRB121102,True
FRB121102,83.0375,33.08694444444445,57625.24671,FRB121102,True
FRB121102,83.0375,33.08694444444445,57625.24766,FRB121102,True
FRB121102,83.0375,33.08694444444445,57633.67986,FRB121102,True
FRB121102,83.0375,33.08694444444445,57633.67986,FRB121102,True
FRB121102,83.0375,33.08694444444445,57633.69516,FRB121102,True
FRB121102,83.0375,33.08694444444445,57633.69516,FRB121102,True
FRB121102,83.0375,33.08694444444445,57636.48961,FRB121102,True
FRB121102,83.0375,33.08694444444445,57638.14994,FRB121102,True
FRB121102,83.0375,33.08694444444445,57638.46597000001,FRB121102,True
FRB121102,83.0375,33.08694444444445,57638.46756000001,FRB121102,True
FRB121102,83.0375,33.08694444444445,57638.49937000001,FRB121102,True
FRB121102,83.0375,33.08694444444445,57640.41384,FRB121102,True
FRB121102,83.0375,33.08694444444445,57641.45945,FRB121102,True
FRB121102,83.0375,33.08694444444445,57641.46456,FRB121102,True
FRB121102,83.0375,33.08694444444445,57642.47157,FRB121102,True
FRB121102,83.0375,33.08694444444445,57642.47546,FRB121102,True
FRB121102,83.0375,33.08694444444445,57643.4573,FRB121102,True
FRB121102,83.0375,33.08694444444445,57643.4573,FRB121102,True
FRB121102,83.0375,33.08694444444445,57644.41107,FRB121102,True
FRB121102,83.0375,33.08694444444445,57644.41107,FRB121102,True
FRB121102,83.0375,33.08694444444445,57644.41412,FRB121102,True
FRB121102,83.0375,33.08694444444445,57644.41488,FRB121102,True
FRB121102,83.0375,33.08694444444445,57644.41631,FRB121102,True
FRB121102,83.0375,33.08694444444445,57644.43017000001,FRB121102,True
FRB121102,83.0375,33.08694444444445,57644.43017000001,FRB121102,True
FRB121102,83.0375,33.08694444444445,57644.43224,FRB121102,True
FRB121102,83.0375,33.08694444444445,57644.43879,FRB121102,True
FRB121102,83.0375,33.08694444444445,57644.43884,FRB121102,True
FRB121102,83.0375,33.08694444444445,57644.44359,FRB121102,True
FRB121102,83.0375,33.08694444444445,57644.44679,FRB121102,True
FRB121102,83.0375,33.08694444444445,57644.44772999999,FRB121102,True
FRB121102,83.0375,33.08694444444445,57644.44991,FRB121102,True
FRB121102,83.0375,33.08694444444445,57644.4516,FRB121102,True
FRB121102,83.0375,33.08694444444445,57644.45447999999,FRB121102,True
FRB121102,83.0375,33.08694444444445,57644.45788,FRB121102,True
FRB121102,83.0375,33.08694444444445,57644.46622,FRB121102,True
FRB121102,83.0375,33.08694444444445,57644.46809,FRB121102,True
FRB121102,83.0375,33.08694444444445,57645.41109,FRB121102,True
FRB121102,83.0375,33.08694444444445,57645.41165,FRB121102,True
FRB121102,83.0375,33.08694444444445,57645.41364,FRB121102,True
FRB121102,83.0375,33.08694444444445,57645.41747000001,FRB121102,True
FRB121102,83.0375,33.08694444444445,57645.4179,FRB121102,True
FRB121102,83.0375,33.08694444444445,57645.42026,FRB121102,True
FRB121102,83.0375,33.08694444444445,57645.42245,FRB121102,True
FRB121102,83.0375,33.08694444444445,57645.42414,FRB121102,True
FRB121102,83.0375,33.08694444444445,57645.4289,FRB121102,True
FRB121102,83.0375,33.08694444444445,57645.42958,FRB121102,True
FRB121102,83.0375,33.08694444444445,57645.42959,FRB121102,True
FRB121102,83.0375,33.08694444444445,57645.43062000001,FRB121102,True
FRB121102,83.0375,33.08694444444445,57645.43147999999,FRB121102,True
FRB121102,83.0375,33.08694444444445,57645.44081,FRB121102,True
FRB121102,83.0375,33.08694444444445,57645.44448,FRB121102,True
FRB121102,83.0375,33.08694444444445,57645.44492,FRB121102,True
FRB121102,83.0375,33.08694444444445,57645.44764,FRB121102,True
FRB121102,83.0375,33.08694444444445,57645.4488,FRB121102,True
FRB121102,83.0375,33.08694444444445,57645.44999,FRB121102,True
FRB121102,83.0375,33.08694444444445,57645.44999,FRB121102,True
FRB121102,83.0375,33.08694444444445,57645.45343,FRB121102,True
FRB121102,83.0375,33.08694444444445,57645.45364,FRB121102,True
FRB121102,83.0375,33.08694444444445,57645.46211,FRB121102,True
FRB121102,83.0375,33.08694444444445,57645.46419,FRB121102,True
FRB121102,83.0375,33.08694444444445,57645.47445,FRB121102,True
FRB121102,83.0375,33.08694444444445,57646.41731,FRB121102,True
FRB121102,83.0375,33.08694444444445,57646.42781,FRB121102,True
FRB121102,83.0375,33.08694444444445,57646.46599999999,FRB121102,True
FRB121102,83.0375,33.08694444444445,57646.46601,FRB121102,True
FRB121102,83.0375,33.08694444444445,57647.23235,FRB121102,True
FRB121102,83.0375,33.08694444444445,57647.23235,FRB121102,True
FRB121102,83.0375,33.08694444444445,57647.29649,FRB121102,True
FRB121102,83.0375,33.08694444444445,57648.43079,FRB121102,True
FRB121102,83.0375,33.08694444444445,57648.43691,FRB121102,True
FRB121102,83.0375,33.08694444444445,57648.43691,FRB121102,True
FRB121102,83.0375,33.08694444444445,57648.45811,FRB121102,True
FRB121102,83.0375,33.08694444444445,57649.17381,FRB121102,True
FRB121102,83.0375,33.08694444444445,57649.21821,FRB121102,True
FRB121102,83.0375,33.08694444444445,57649.33372,FRB121102,True
FRB121102,83.0375,33.08694444444445,57649.42816,FRB121102,True
FRB121102,83.0375,33.08694444444445,57649.45176,FRB121102,True
FRB121102,83.0375,33.08694444444445,57649.45179,FRB121102,True
FRB121102,83.0375,33.08694444444445,57651.41148,FRB121102,True
FRB121102,83.0375,33.08694444444445,57651.41857,FRB121102,True
FRB121102,83.0375,33.08694444444445,57651.41909,FRB121102,True
FRB121102,83.0375,33.08694444444445,57651.45206,FRB121102,True
FRB121102,83.0375,33.08694444444445,57747.12956,FRB121102,True
FRB121102,83.0375,33.08694444444445,57747.13719,FRB121102,True
FRB121102,83.0375,33.08694444444445,57747.14627000001,FRB121102,True
FRB121102,83.0375,33.08694444444445,57747.15157,FRB121102,True
FRB121102,83.0375,33.08694444444445,57747.15447,FRB121102,True
FRB121102,83.0375,33.08694444444445,57747.16029,FRB121102,True
FRB121102,83.0375,33.08694444444445,57747.16034,FRB121102,True
FRB121102,83.0375,33.08694444444445,57747.16583,FRB121102,True
FRB121102,83.0375,33.08694444444445,57747.166370000006,FRB121102,True
FRB121102,83.0375,33.08694444444445,57747.17597,FRB121102,True
FRB121102,83.0375,33.08694444444445,57748.12564,FRB121102,True
FRB121102,83.0375,33.08694444444445,57748.15352000001,FRB121102,True
FRB121102,83.0375,33.08694444444445,57748.15521,FRB121102,True
FRB121102,83.0375,33.08694444444445,57748.15761,FRB121102,True
FRB121102,83.0375,33.08694444444445,57748.1757,FRB121102,True
FRB121102,83.0375,33.08694444444445,57758.16262,FRB121102,True
FRB121102,83.0375,33.08694444444445,57762.15535,FRB121102,True
FRB121102,83.0375,33.08694444444445,57763.97566,FRB121102,True
FRB121102,83.0375,33.08694444444445,57765.04953,FRB121102,True
FRB121102,83.0375,33.08694444444445,57765.06479,FRB121102,True
FRB121102,83.0375,33.08694444444445,57765.06905,FRB121102,True
FRB121102,83.0375,33.08694444444445,57765.10083,FRB121102,True
FRB121102,83.0375,33.08694444444445,57765.10083,FRB121102,True
FRB121102,83.0375,33.08694444444445,57765.10868,FRB121102,True
FRB121102,83.0375,33.08694444444445,57765.12078,FRB121102,True
FRB121102,83.0375,33.08694444444445,57765.12078,FRB121102,True
FRB121102,83.0375,33.08694444444445,57765.1365,FRB121102,True
FRB121102,83.0375,33.08694444444445,57765.14334,FRB121102,True
FRB121102,83.0375,33.08694444444445,57768.15948,FRB121102,True
FRB121102,83.0375,33.08694444444445,57769.14332999999,FRB121102,True
FRB121102,83.0375,33.08694444444445,57769.68811,FRB121102,True
FRB121102,83.0375,33.08694444444445,57769.7023,FRB121102,True
FRB121102,83.0375,33.08694444444445,57769.76396,FRB121102,True
FRB121102,83.0375,33.08694444444445,57771.9548,FRB121102,True
FRB121102,83.0375,33.08694444444445,57771.95877000001,FRB121102,True
FRB121102,83.0375,33.08694444444445,57772.6649,FRB121102,True
FRB121102,83.0375,33.08694444444445,57772.688,FRB121102,True
FRB121102,83.0375,33.08694444444445,57772.758,FRB121102,True
FRB121102,83.0375,33.08694444444445,57772.762,FRB121102,True
FRB121102,83.0375,33.08694444444445,57772.78400000001,FRB121102,True
FRB121102,83.0375,33.08694444444445,57778.6885,FRB121102,True
FRB121102,83.0375,33.08694444444445,57778.75627000001,FRB121102,True
FRB121102,83.0375,33.08694444444445,57778.75627000001,FRB121102,True
FRB121102,83.0375,33.08694444444445,57778.79919,FRB121102,True
FRB121102,83.0375,33.08694444444445,57779.95752999999,FRB121102,True
FRB121102,83.0375,33.08694444444445,57779.97839,FRB121102,True
FRB121102,83.0375,33.08694444444445,57781.77072000001,FRB121102,True
FRB121102,83.0375,33.08694444444445,57781.77132000001,FRB121102,True
FRB121102,83.0375,33.08694444444445,57785.97338,FRB121102,True
FRB121102,83.0375,33.08694444444445,57787.82205,FRB121102,True
FRB121102,83.0375,33.08694444444445,57787.84495,FRB121102,True
FRB121102,83.0375,33.08694444444445,57791.94221,FRB121102,True
FRB121102,83.0375,33.08694444444445,57791.94684,FRB121102,True
FRB121102,83.0375,33.08694444444445,57797.92671,FRB121102,True
FRB121102,83.0375,33.08694444444445,57797.93005,FRB121102,True
FRB121102,83.0375,33.08694444444445,57798.87213,FRB121102,True
FRB121102,83.0375,33.08694444444445,57803.69291000001,FRB121102,True
FRB121102,83.0375,33.08694444444445,57805.95949,FRB121102,True
FRB121102,83.0375,33.08694444444445,57821.78532,FRB121102,True
FRB121102,83.0375,33.08694444444445,57821.78949,FRB121102,True
FRB121102,83.0375,33.08694444444445,57826.8416,FRB121102,True
FRB121102,83.0375,33.08694444444445,57826.84583,FRB121102,True
FRB121102,83.0375,33.08694444444445,57826.85191000001,FRB121102,True
FRB121102,83.0375,33.08694444444445,57826.86228,FRB121102,True
FRB121102,83.0375,33.08694444444445,57826.86595,FRB121102,True
FRB121102,83.0375,33.08694444444445,57927.57007,FRB121102,True
FRB121102,83.0375,33.08694444444445,57928.72636,FRB121102,True
FRB121102,83.0375,33.08694444444445,57991.49905,FRB121102,True
FRB121102,83.0375,33.08694444444445,57991.51723,FRB121102,True
FRB121102,83.0375,33.08694444444445,57991.53535,FRB121102,True
FRB121102,83.0375,33.08694444444445,57991.55354,FRB121102,True
FRB121102,83.0375,33.08694444444445,57991.57166,FRB121102,True
FRB121102,83.0375,33.08694444444445,57991.58976,FRB121102,True
FRB121102,83.0375,33.08694444444445,57991.60787000001,FRB121102,True
FRB121102,83.0375,33.08694444444445,57991.62598,FRB121102,True
FRB121102,83.0375,33.08694444444445,57991.64409,FRB121102,True
FRB121102,83.0375,33.08694444444445,57991.66219,FRB121102,True
FRB121102,83.0375,33.08694444444445,58434.87531,FRB121102,True
FRB121102,83.0375,33.08694444444445,58434.88951,FRB121102,True
FRB121102,83.0375,33.08694444444445,58434.89478,FRB121102,True
FRB121102,83.0375,33.08694444444445,58434.9476,FRB121102,True
FRB121102,83.0375,33.08694444444445,58434.96627999999,FRB121102,True
FRB121102,83.0375,33.08694444444445,58434.97317000001,FRB121102,True
FRB121102,83.0375,33.08694444444445,58435.99083,FRB121102,True
FRB121102,83.0375,33.08694444444445,58436.04034,FRB121102,True
FRB121102,83.0375,33.08694444444445,58436.05147000001,FRB121102,True
FRB121102,83.0375,33.08694444444445,58436.05458,FRB121102,True
FRB121102,83.0375,33.08694444444445,58436.10767000001,FRB121102,True
FRB121102,83.0375,33.08694444444445,58436.11083,FRB121102,True
FRB121102,83.0375,33.08694444444445,58436.12198,FRB121102,True
FRB121102,83.0375,33.08694444444445,58436.12375,FRB121102,True
FRB121102,83.0375,33.08694444444445,58436.13212,FRB121102,True
FRB121102,83.0375,33.08694444444445,58436.19219,FRB121102,True
FRB121102,83.0375,33.08694444444445,58436.23512000001,FRB121102,True
FRB121102,83.0375,33.08694444444445,58436.23753,FRB121102,True
FRB121102,83.0375,33.08694444444445,58436.24212,FRB121102,True
FRB121102,83.0375,33.08694444444445,58436.91926,FRB121102,True
FRB121102,83.0375,33.08694444444445,58436.96431,FRB121102,True
FRB121102,83.0375,33.08694444444445,58436.99133,FRB121102,True
FRB121102,83.0375,33.08694444444445,58437.05164,FRB121102,True
FRB121102,83.0375,33.08694444444445,58437.89946,FRB121102,True
FRB121102,83.0375,33.08694444444445,58437.92461,FRB121102,True
FRB121102,83.0375,33.08694444444445,58437.99389,FRB121102,True
FRB121102,83.0375,33.08694444444445,58441.03057,FRB121102,True
FRB121102,83.0375,33.08694444444445,58441.40194,FRB121102,True
FRB121102,83.0375,33.08694444444445,58450.90331,FRB121102,True
FRB121102,83.0375,33.08694444444445,58450.97455,FRB121102,True
FRB121102,83.0375,33.08694444444445,58714.25543,FRB121102,True
FRB121102,83.0375,33.08694444444445,58724.0,FRB121102,True
FRB121102,83.0375,33.08694444444445,58725.0,FRB121102,True
FRB121102,83.0375,33.08694444444445,58726.0,FRB121102,True
FRB121102,83.0375,33.08694444444445,58729.0,FRB121102,True
FRB121102,83.0375,33.08694444444445,58732.00609,FRB121102,True
FRB121102,83.0375,33.08694444444445,58732.00609,FRB121102,True
FRB121102,83.0375,33.08694444444445,58732.72772,FRB121102,True
FRB121102,83.0375,33.08694444444445,58736.14857000001,FRB121102,True
FRB121102,83.0375,33.08694444444445,58736.16567,FRB121102,True
FRB121102,83.0375,33.08694444444445,58736.16568,FRB121102,True
FRB121102,83.0375,33.08694444444445,58736.16692999999,FRB121102,True
FRB121102,83.0375,33.08694444444445,58736.18483,FRB121102,True
FRB121102,83.0375,33.08694444444445,58736.20021,FRB121102,True
FRB121102,83.0375,33.08694444444445,58736.21157000001,FRB121102,True
FRB121102,83.0375,33.08694444444445,58736.21167,FRB121102,True
FRB121102,83.0375,33.08694444444445,58736.23521,FRB121102,True
FRB121102,83.0375,33.08694444444445,58736.24065,FRB121102,True
FRB121102,83.0375,33.08694444444445,58736.24787000001,FRB121102,True
FRB121102,83.0375,33.08694444444445,58736.25421,FRB121102,True
